Artist_Name,Album_Name,Duration,Song_Name,Populatiry,Played_At
Trinidad James,Just A Lil' Thick (She Juicy),203,Just A Lil' Thick (She Juicy),52,2018-11-11T23:56:15.870Z
Anderson .Paak,Who R U?,168,Who R U?,60,2018-11-11T23:52:46.062Z
Anderson .Paak,Who R U?,168,Who R U?,60,2018-11-10T22:37:48.387Z
Mac Miller,The Divine Feminine,305,Dang! (feat. Anderson .Paak),74,2018-11-10T21:16:02.012Z
The Notorious B.I.G.,Ready To Die The Remaster,252,Big Poppa,74,2018-11-10T21:15:02.164Z
Trinidad James,Just A Lil' Thick (She Juicy),203,Just A Lil' Thick (She Juicy),52,2018-11-10T21:09:43.343Z
BROCKHAMPTON,SATURATION II,261,GUMMY,68,2018-11-09T21:51:06.620Z
Travis Scott,ASTROWORLD,312,SICKO MODE,96,2018-11-09T21:48:40.871Z
Lil Wayne,Tha Carter V,189,Dedicate,81,2018-11-09T21:43:15.870Z
6ix9ine,STOOPID,152,STOOPID,88,2018-11-09T21:39:58.927Z
Drake,Take Care (Deluxe),181,The Motto,75,2018-11-09T21:37:27.584Z
Trinidad James,Just A Lil' Thick (She Juicy),203,Just A Lil' Thick (She Juicy),52,2018-11-09T21:36:27.824Z
George Strait,Always Never The Same,219,Write This Down,59,2018-11-08T22:30:17.336Z
Keith Whitley,A Tribute Album,261,When You Say Nothing At All,62,2018-11-08T22:26:37.256Z
Shania Twain,The Woman In Me,265,You Win My Love,47,2018-11-08T22:21:30.688Z
Trace Adkins,Definitive Greatest Hits,241,(This Ain't) No Thinkin' Thing,47,2018-11-08T22:17:04.613Z
Wynonna,Tell Me Why,230,Tell Me Why,42,2018-11-08T22:13:03.025Z
Deana Carter,The Deana Carter Collection,290,Strawberry Wine,59,2018-11-08T22:09:11.902Z
Kid Cudi,KIDS SEE GHOSTS,165,Feel The Love,72,2018-11-08T22:03:26.761Z
Kendrick Lamar,DAMN.,307,LUST.,66,2018-11-08T20:46:37.460Z
